Datetime,Water Level (m)
2025-02-22 18:00:00,0.12274969
2025-02-22 19:00:00,0.18514279
2025-02-22 20:00:00,0.17044166
2025-02-22 21:00:00,0.07968086
2025-02-22 22:00:00,-0.056881484
2025-02-22 23:00:00,-0.17852047
2025-02-23 00:00:00,-0.25496235
2025-02-23 01:00:00,-0.30560827
2025-02-23 02:00:00,-0.34246275
2025-02-23 03:00:00,-0.37951738
2025-02-23 04:00:00,-0.40333995
2025-02-23 05:00:00,-0.3736938
2025-02-23 06:00:00,-0.26092097
2025-02-23 07:00:00,-0.14081617
2025-02-23 08:00:00,-0.064583845
2025-02-23 09:00:00,-0.08396009
2025-02-23 10:00:00,-0.1589428
2025-02-23 11:00:00,-0.24596743
2025-02-23 12:00:00,-0.3444139
2025-02-23 13:00:00,-0.41867134
2025-02-23 14:00:00,-0.4709728
2025-02-23 15:00:00,-0.50202686
2025-02-23 16:00:00,-0.46180287
2025-02-23 17:00:00,-0.2932756
2025-02-23 18:00:00,-0.10089843
2025-02-23 19:00:00,0.06057396
2025-02-23 20:00:00,0.17581165
2025-02-23 21:00:00,0.22764745
2025-02-23 22:00:00,0.19409181
2025-02-23 23:00:00,0.06097323
2025-02-24 00:00:00,-0.11556914
2025-02-24 01:00:00,-0.24005501
2025-02-24 02:00:00,-0.3214019
2025-02-24 03:00:00,-0.37604812
2025-02-24 04:00:00,-0.41609356
2025-02-24 05:00:00,-0.45232213
2025-02-24 06:00:00,-0.43065947
2025-02-24 07:00:00,-0.27254775
2025-02-24 08:00:00,-0.10769067
2025-02-24 09:00:00,0.013630619
2025-02-24 10:00:00,0.03471444
2025-02-24 11:00:00,-0.05996677
2025-02-24 12:00:00,-0.18588209
2025-02-24 13:00:00,-0.3041745
2025-02-24 14:00:00,-0.40257522
2025-02-24 15:00:00,-0.46909228
2025-02-24 16:00:00,-0.51074773
2025-02-24 17:00:00,-0.49203268
2025-02-24 18:00:00,-0.27927193
2025-02-24 19:00:00,-0.04264848
2025-02-24 20:00:00,0.12870443
2025-02-24 21:00:00,0.26511067
2025-02-24 22:00:00,0.32693323
2025-02-24 23:00:00,0.27901793
2025-02-25 00:00:00,0.11933648
2025-02-25 01:00:00,-0.0766202
2025-02-25 02:00:00,-0.20820588
2025-02-25 03:00:00,-0.29428503
2025-02-25 04:00:00,-0.3519876
2025-02-25 05:00:00,-0.39762434
2025-02-25 06:00:00,-0.43425238
2025-02-25 07:00:00,-0.34291768
2025-02-25 08:00:00,-0.09581749
2025-02-25 09:00:00,0.09245333
2025-02-25 10:00:00,0.20304196
2025-02-25 11:00:00,0.19978173
2025-02-25 12:00:00,0.05678568
2025-02-25 13:00:00,-0.111738585
2025-02-25 14:00:00,-0.2304578
2025-02-25 15:00:00,-0.3427544
2025-02-25 16:00:00,-0.4110253
2025-02-25 17:00:00,-0.45445502
2025-02-25 18:00:00,-0.43720508
2025-02-25 19:00:00,-0.17311911
2025-02-25 20:00:00,0.094219156
2025-02-25 21:00:00,0.275185
2025-02-25 22:00:00,0.40973195
2025-02-25 23:00:00,0.44966426
2025-02-26 00:00:00,0.3540521
2025-02-26 01:00:00,0.15592098
2025-02-26 02:00:00,-0.046726078
2025-02-26 03:00:00,-0.17255825
2025-02-26 04:00:00,-0.25558352
2025-02-26 05:00:00,-0.31112018
2025-02-26 06:00:00,-0.36332133
2025-02-26 07:00:00,-0.38038412
2025-02-26 08:00:00,-0.13167752
2025-02-26 09:00:00,0.13781977
2025-02-26 10:00:00,0.29827222
2025-02-26 11:00:00,0.3827766
2025-02-26 12:00:00,0.33040628
2025-02-26 13:00:00,0.12258465
2025-02-26 14:00:00,-0.059120666
2025-02-26 15:00:00,-0.18558285
2025-02-26 16:00:00,-0.2907716
2025-02-26 17:00:00,-0.34775096
2025-02-26 18:00:00,-0.39429674
2025-02-26 19:00:00,-0.35229117
2025-02-26 20:00:00,-0.005297024
2025-02-26 21:00:00,0.26356244
2025-02-26 22:00:00,0.44344467
2025-02-26 23:00:00,0.5576447
2025-02-27 00:00:00,0.5491201
2025-02-27 01:00:00,0.3894882
2025-02-27 02:00:00,0.16859998
2025-02-27 03:00:00,-0.021162346
2025-02-27 04:00:00,-0.13375849
2025-02-27 05:00:00,-0.21142791
2025-02-27 06:00:00,-0.26937163
2025-02-27 07:00:00,-0.3260813
2025-02-27 08:00:00,-0.25806293
2025-02-27 09:00:00,0.105850235
2025-02-27 10:00:00,0.33445865
2025-02-27 11:00:00,0.47648564
2025-02-27 12:00:00,0.5158913
2025-02-27 13:00:00,0.3937077
2025-02-27 14:00:00,0.17012635
2025-02-27 15:00:00,-0.008758524
2025-02-27 16:00:00,-0.14771423
2025-02-27 17:00:00,-0.23281333
2025-02-27 18:00:00,-0.28978774
2025-02-27 19:00:00,-0.33770594
2025-02-27 20:00:00,-0.192112
2025-02-27 21:00:00,0.19783686
2025-02-27 22:00:00,0.43182513
2025-02-27 23:00:00,0.607079
2025-02-28 00:00:00,0.6856073
2025-02-28 01:00:00,0.60794
2025-02-28 02:00:00,0.3987541
2025-02-28 03:00:00,0.17044452
2025-02-28 04:00:00,0.0003562869
2025-02-28 05:00:00,-0.099139564
2025-02-28 06:00:00,-0.16854352
2025-02-28 07:00:00,-0.22842823
2025-02-28 08:00:00,-0.26549616
2025-02-28 09:00:00,0.026417766
2025-02-28 10:00:00,0.35728005
2025-02-28 11:00:00,0.5340213
2025-02-28 12:00:00,0.6532389
2025-02-28 13:00:00,0.6422891
2025-02-28 14:00:00,0.45320073
2025-02-28 15:00:00,0.22295891
2025-02-28 16:00:00,0.03943793
2025-02-28 17:00:00,-0.08011131
2025-02-28 18:00:00,-0.15618588
